name,email,salary
Hedwig Collier,leathaluettgen@hotmail.com,4725
Agness Gislason,faheykem@volkman.org,3528
Seaborn Cruickshank,owiza@daniel-wiegand.com,4248
Mr. Nat Williamson,voconnell@oberbrunner.org,2748
Alexis Mayer MD,xwilderman@gmail.com,1000
Latonia Dietrich,welcheugenie@yahoo.com,1000
Brittanie Jones,will80@hotmail.com,1000
Colbert Keebler,dameon15@corwin.org,1185
Mrs. Patsy Smitham,alivia49@hagenes-koelpin.info,1000
Olympia Cormier,esthermueller@gmail.com,1901
Shawna Deckow,ryancleveland@botsford-hauck.com,2285
Elyse Barton MD,davonte09@okon.com,1000
Dr. Kristyn Welch DDS,odilesatterfield@hotmail.com,1000
Bettyjane Miller,rgibson@vonrueden.com,3777
Benedict Conn,selma82@ratke.com,2344
Dr. Tella Mayer,wgreen@gmail.com,1788
Jerilyn Green,candyframi@harris.com,2498
Harve Stokes,dbaumbach@robel.com,3056
Joaquin Mueller,sonja90@yahoo.com,1279
Araminta Abshire,bschuppe@gislason.com,5519
Annabell Bode,oberbrunnerbarron@gmail.com,1846
Catalina Schinner,arlenegrimes@kilback-schoen.com,1000
Enriqueta Streich,jarrell01@rohan.com,3402
Edgar Runolfsson,carrolllisa@koch-beer.com,1974
Butch Hettinger,cubapurdy@hauck.com,1000
Miss Kylene Pacocha DVM,taurusnikolaus@muller-hirthe.com,1452
Levy Lindgren DDS,kesha20@ebert.info,5430
Gardner Abbott II,markelolson@yahoo.com,2317
Prosper Emard,alfieschuppe@hotmail.com,1000
Zoe Kunde,dbecker@lehner-bartoletti.com,1423
Ashly Bednar,sigmundkozey@hotmail.com,1000
Hjalmar Jerde,annikalemke@mccullough-rath.com,1000
Dena Schamberger,mmante@hammes.com,2927
Dr. Orvil Fisher,lstamm@weissnat.com,2266
Dr. Tilda Kuphal,windlerlorene@hotmail.com,1641
Averie Hagenes,vandervortnetta@gmail.com,2509
Mr. Cassie Marvin,mitchellvito@yahoo.com,5056
Cami Feest DDS,claudegaylord@lebsack.com,1560
Emogene Bayer,vheathcote@hotmail.com,1972
Dr. Adriel Runolfsdottir III,scottyhoppe@gusikowski.com,1000
Miss Shelvie Larkin,watsicaladdie@mosciski-beahan.com,1969
Santos Hartmann,ariacummerata@beatty.com,1000
Melisa Abernathy DDS,sylvia43@towne.net,1000
Garett White,gilman69@romaguera.com,4236
Jerry Flatley,georgetteblanda@hotmail.com,1079
Savon Waters,kellen69@crooks.net,2452
Mr. Luster Jacobi,mulleremery@yahoo.com,2394
Hortense Baumbach,dashawndeckow@yahoo.com,2084
Dr. Kizzie Runolfsson DDS,sabernathy@hotmail.com,1000
Dr. Camryn Wyman,botsfordgreggory@wisozk.net,1000
Fredericka Kris PhD,keyon89@blick.com,4693
Dr. Reyes Schaden,pheobe08@gusikowski-kautzer.biz,2774
Olevia Weber,aufderharlafe@friesen-ferry.com,1000
Hattie Prosacco,kautzertorrance@ullrich.com,3804
Babyboy Renner,deward74@nitzsche.com,2557
Garnet Fahey,brodriguez@kerluke-quitzon.com,2960
Riya Oberbrunner DDS,sydnievandervort@hotmail.com,2132
Ted Pacocha,latrice32@yahoo.com,2112
Kit Kuphal,irvendavis@hotmail.com,2078
Colette Mueller,vernell14@schumm.com,2594
Hope Wisozk,veumshameka@gmail.com,1000
Miss Magen Johnson DVM,qmorissette@hotmail.com,1000
Dr. Zaire Johnson MD,tremblayalida@gmail.com,1250
Jammie Harris,kihnmanley@mclaughlin.biz,1000
Andre Hilll,srenner@rolfson.net,2813
Sheyla Wolff,mariamgerlach@hotmail.com,1000
Nanie Buckridge,rennerbarnie@yahoo.com,3841
Corry Maggio,amey33@hotmail.com,1000
Tito Morar,kaedenfunk@stark-raynor.org,2563
Dr. Braylen Lakin Jr.,hbalistreri@okon.com,2795
Alonzo Dicki,giselle19@collier.com,1000
Sid Lueilwitz,jeri63@roob.info,1000
Ms. Sybil Powlowski DDS,daphneanderson@treutel.net,1000
Dr. Lacey Russel DDS,adelankunding@rath.com,1000
Arthur Nienow DVM,douglasearley@hotmail.com,3551
Tatianna Gulgowski,mayertrodrigo@white.com,3987
Nereida Wisoky DVM,jhudson@schaefer.info,4457
Jovita Boyer DVM,loren85@erdman.info,1182
Miss Sallie Ward,hthompson@yahoo.com,6486
Tiffanie Kunze,qsatterfield@russel-considine.com,1000
Camden Rogahn,mathildalangosh@lockman.com,2978
Cindi Willms,kaidenkuvalis@hotmail.com,4131
Maureen Tillman MD,bkutch@brekke.biz,6416
Mr. Lionel Okuneva,lorne03@yahoo.com,2165
Hayes Quitzon,haleyadolph@predovic.com,5365
Dr. Richie Gislason Sr.,juston63@mcdermott.com,1000
Mrs. Cristine Kuphal DVM,karishackett@mcclure.com,1381
Mrs. Laurie Moore MD,clarindakoss@yahoo.com,1951
Ms. Colleen Boyle,hermistontea@gutkowski.com,1000
Sommer Schiller,kiersten66@yahoo.com,3918
Harley Zulauf,loracrist@yahoo.com,4221
Nyla Padberg,lorenzoankunding@gmail.com,2254
Landen Lubowitz,lborer@cruickshank.com,1000
Marland Schulist MD,grimespresley@mcdermott.org,1000
Daisye Rolfson,marksansel@reinger.com,2891
Miss Jetta Dare DDS,emraz@yahoo.com,1776
Mrs. Haylee Mraz DVM,jasttollie@gmail.com,2911
Bethann Langosh,ykris@boehm.info,3490
Gael Legros,klingcolumbia@miller.info,2875
Alferd Hackett V,stantonjonathon@ondricka-friesen.com,2205
Arvo Turcotte III,rippinkristoffer@gmail.com,3849
Dr. Lakeisha Kunze,eschulist@stoltenberg.com,1000
Dr. Damion Marvin,lenorddickens@hotmail.com,1000
Henretta Hackett PhD,goldnerinfant@harvey.info,1542
Ms. Tierra Kutch PhD,jakubowskilawerence@hotmail.com,5899
Lucile Homenick,josefita10@krajcik-flatley.com,5072
Hosteen Mitchell I,fledaheaney@yahoo.com,1000
Octa Bayer PhD,jenningswindler@gulgowski.biz,1000
Trey Kunze,wehnermyron@hotmail.com,2666
Francina O'Keefe,meloreilly@yahoo.com,5165
Eddie Zulauf,hortensialangosh@douglas-jast.com,1000
Mrs. Zaida Stroman,kkessler@tromp.com,3975
Victorine Fisher,vfritsch@gmail.com,3484
Corliss Jaskolski,devaughnschoen@lang-larson.org,1000
Francisco Berge,daisie37@gmail.com,1000
Dorris Ledner,lilliamccullough@hotmail.com,3746
Latoya Koelpin,jethro28@paucek.com,4254
Rock Dare,qmarks@lang.net,4417
Dr. Dejon Daugherty PhD,starkpershing@breitenberg.info,1775
Tressie Ward MD,rennieraynor@cartwright.info,4666
Drake Runolfsdottir,rykerrunolfsson@gmail.com,1565
Fernando Kling,ekub@yahoo.com,1528
Dr. Jones Zieme,ankundingmadison@bayer.com,1000
Faith Windler DDS,elidalockman@shanahan.biz,1000
Noretta Reichert,pourosbabyboy@okuneva.biz,3254
Kayli Walker,emelyhowe@gmail.com,2245
Ms. Renita Brekke,zaneheller@nicolas.net,2389
Harlow Schmitt II,fabiola76@blanda-damore.info,3589
Dr. Keagan McLaughlin,yrunolfsdottir@gibson.com,5829
Dr. Brantley Wunsch,kemmerbuel@wilderman-stehr.com,1000
Tyrone Lakin,zacharyhills@denesik.com,5277
Enoch Lehner,babyboy87@gmail.com,1440
Jessy Kub,qstoltenberg@mcclure.biz,3186
Ryland Parker,imelda91@hotmail.com,4387
Darby Toy MD,hoppeprecious@hotmail.com,1176
Laci Murray,takisha74@conroy.info,1000
Annabella Rice,hfarrell@anderson.com,1000
Jerel Schmidt,rcole@dietrich.biz,1000
Isam Beier,laurance03@hotmail.com,1453
Marvel Kuvalis,jenniwehner@fahey.info,2887
Mrs. Margery Kovacek,cspinka@hotmail.com,6313
Deedee Lebsack DVM,adonis82@heidenreich.com,1556
Mickey Adams,roswellbotsford@okon.biz,3732
Dr. Daulton Homenick,kuhicdemi@schowalter-oberbrunner.com,1843
Josette Hagenes,raespencer@gmail.com,3755
Jayson Fisher,tlueilwitz@gmail.com,1000
Napoleon Paucek,gretaherzog@blick.com,1612
Allean Ebert,madisen91@gmail.com,3515
Burke Goyette,dot91@hotmail.com,1000
Sheridan Ondricka,zrogahn@strosin.com,1000
Gaven Jenkins,lucile60@lowe-runte.info,1000
Mrs. Bonny Jacobs,malinda25@kerluke.com,2091
Glenna Mante,ekoelpin@gmail.com,1000
Kelby Hilpert,mariloukonopelski@franecki.com,6260
Mr. Zaid Bartoletti II,gustavoyundt@yahoo.com,1000
Alan Rolfson,bettyeondricka@gmail.com,2281
Luberta Hoppe,kerry38@little.com,1000
Eugenio Powlowski,sidsatterfield@kiehn.com,1462
Alisha Schamberger,parisianscarlet@gmail.com,4404
Elta Funk,wrunolfsson@carroll.com,1000
Tessa Heaney,gwill@hotmail.com,1000
Dr. Isidore Kuvalis V,koelpinrickey@kub-lemke.net,3391
Tanesha Stoltenberg MD,mattyerenner@yahoo.com,1000
Ms. Josiephine Herman,nunziorogahn@hotmail.com,1000
Dr. Camden Cassin DVM,boylefronie@leannon.com,1560
Silvester Fadel,jvonrueden@gmail.com,3904
Reba Shields,ysauer@gmail.com,1000
Tatum Pollich,kcormier@yahoo.com,1000
Desmond Runolfsson III,sdavis@yost.com,2889
Rae Marks,nokon@muller.com,6019
Ms. Randi Sipes MD,chilpert@tremblay.com,1581
Mr. Elbert Baumbach DVM,jennettejohns@gmail.com,3428
Luciana Stehr,bush19@kutch-rogahn.net,1000
Octa Goldner,michalhodkiewicz@green.biz,1000
Porsha White,jlangworth@ruecker.com,2828
Prudie Langworth,kheaney@effertz-leuschke.biz,1000
Mrs. Kendall Corkery PhD,jonesjammie@gmail.com,1358
Tamisha Rolfson,treilly@williamson.info,1086
Casey Boyle,oconnervicki@gmail.com,5381
Dr. Lorne Powlowski Sr.,karim34@gmail.com,3288
Kimberely Lemke,kennedy37@miller-schulist.info,1000
Helen Jacobi DVM,lupe17@hotmail.com,3784
Maude Kuphal DVM,allison42@yahoo.com,1000
Kelsey Sauer PhD,dlesch@pollich.org,3879
Miss Evelina Johnson,lakisha56@harvey-runte.biz,3720
Ellamae Kerluke MD,greysoncorkery@turcotte-ebert.info,1000
Queenie Greenholt,kohlermarlo@padberg-pollich.biz,2183
Londyn Schaden,raykrajcik@hotmail.com,2911
Mazie Terry,yohara@considine-oconner.com,1295
Estevan Hackett,arbaflatley@gaylord.com,1987
Merritt Crist,gibsongayle@greenfelder.net,1736
Mason Schowalter,leo33@yahoo.com,5155
Reason Hamill,ischultz@gmail.com,5757
Gustavus O'Reilly,promaguera@koepp.net,1390
Miss Linna Wyman,idabelle65@farrell.info,3050
Dossie Larson,daxwaters@emard-swaniawski.com,1000
Miss Brandy Schumm DVM,streichjoanna@kunze-stracke.com,3194
Dr. Lucina Torphy DDS,streichemery@feest-hartmann.com,3146
Julian Herzog,alidaarmstrong@yahoo.com,1000
Mrs. Aggie Bahringer,cristian77@quigley.com,1002
Blaze Berge DVM,bsimonis@yahoo.com,1000
Josh D'Amore,hirammaggio@medhurst-steuber.com,3128
Wenzel Lang,tanyagorczany@considine-collins.com,1000
Mr. Philip Hettinger Sr.,margaritodonnelly@carroll.com,1215
Ms. Teagan Little,tyost@hotmail.com,6389
Jordi Quitzon,cnicolas@gmail.com,1000
Ayla Shields,swiftflorencio@sporer-tillman.org,4747
Vada Beer DDS,tremblaysara@conroy.net,3598
Emma Cartwright,ewinmorar@homenick-tromp.net,1000
Lorene Hammes,alexandro15@reichert.com,4858
Mrs. Emmaline Morar,janene92@skiles-nolan.com,1000
Sonji Mueller,sylvesterryan@mayert.com,1000
Oralia Kutch,meltonstehr@yahoo.com,1062
Lars Kerluke,smithfadel@yahoo.com,1248
Christoper Morissette PhD,schmelerrubi@hotmail.com,1062
Flonnie Blick,rathdianna@corwin.com,1000
Clemmie Murphy,stammtoby@block.biz,1283
Ezzard Daniel,llarson@hotmail.com,3021
Dr. Eldridge Durgan,stehrjule@boyer.com,2606
Nella Leffler,demond34@gmail.com,1000
Keith Auer PhD,siobhan89@gmail.com,1000
Francine Lang,dabneykerluke@lesch-ruecker.com,2525
Caiden Rutherford,kourtneyvonrueden@yahoo.com,1000
Mr. Levin Mayer,delcie43@reichel-buckridge.com,1065
Handy Gorczany,aeffertz@bailey.com,3849
Laverna Runte,keeblerperley@krajcik.com,1000
Samson Raynor,pdicki@marks-mann.info,1137
Jalon Koepp II,dlittel@ziemann.com,1000
Ms. Glynda Feeney MD,ykessler@rosenbaum.net,1149
Ms. Nohely Doyle PhD,alfonzomaggio@klocko-weber.info,3192
Julious Murray,austynwaelchi@yahoo.com,1286
Dr. Maximilian Paucek Jr.,bethannweimann@mertz.com,1000
Dr. Burl Rosenbaum,helyn83@yahoo.com,1000
Marita Gottlieb,alani90@jones-lemke.biz,1000
Sherilyn Hodkiewicz,rhodasawayn@hotmail.com,1000
June Hamill,dullrich@hand-cummerata.net,2578
Willa Johnston,bauchanie@gmail.com,2901
Algernon Fisher,missouripowlowski@gmail.com,1000
Ms. Rosamond Fadel MD,cletusheathcote@hotmail.com,1000
Ms. Myah Shanahan DDS,carolynnhayes@hotmail.com,4336
Mr. Gilman Sipes III,norris76@cummings-lindgren.info,4137
Jereme Walker,merna42@yahoo.com,1000
Edwin Cassin,pairlee71@hayes-hettinger.net,1000
Newt Wilkinson,msanford@gmail.com,2256
Ronan Murray,louanna68@yahoo.com,2179
Mr. Juan Runolfsdottir,purdytari@balistreri-auer.com,4899
Mylee Hodkiewicz,dschumm@miller-maggio.com,1000
Cleon Purdy,noliarobel@gmail.com,1652
Miss Alecia Medhurst,mortongraham@yahoo.com,1537
Mr. Kerwin Cruickshank IV,abagailwisoky@veum-tremblay.org,1000
Amelie Ondricka PhD,fadelzed@carroll-grimes.org,1829
Robbin Hoeger,hharris@ohara.com,2575
Lannie Schowalter,colleenosinski@yahoo.com,3405
Kira Kling,carylparisian@lindgren-marquardt.biz,1402
Esteban Jones,aramintapfannerstill@gmail.com,3382
Jeanmarie West,lane26@jones.com,1000
Kristopher Anderson,zboncakbreann@yahoo.com,1000
Mrs. Imani Heidenreich DVM,zjast@kling.com,1522
Norman O'Kon,vvandervort@hotmail.com,3338
Tania Stroman,manford54@gerlach.com,5246
Rosa Beatty PhD,rellamcclure@yahoo.com,2408
Dr. Agustin Mills,tamisha57@gmail.com,1000
Gale Hane,edicki@hotmail.com,1097
Kayla Farrell,mwalsh@gmail.com,2060
Dr. Andre Funk II,eloisabaumbach@kassulke.com,1000
Shanell Kuhn,stella83@yahoo.com,1511
Diego Medhurst,qcarter@yahoo.com,1000
Mr. Herschel Monahan PhD,pennie03@raynor-schultz.info,5749
Dr. Patrick Towne I,cgreenholt@gmail.com,1365
Dr. Elizah Purdy V,epsie11@gmail.com,1868
Kattie Smith,emery33@hermiston.com,1000
Travon Weimann,xiomara60@hotmail.com,1864
Ms. Susanna Sipes,gradynelson@gmail.com,2713
Priscila Treutel,rfeil@kuvalis-prosacco.info,1467
Dr. Cleave Luettgen,beerbrant@gmail.com,1000
Mellie Medhurst,deidra62@yahoo.com,1000
Lonzo Corwin,dmarquardt@hilpert.com,2996
Debby Berge,cruickshankkennedi@yahoo.com,3445
Miss April Maggio DVM,finn53@hotmail.com,4617
Sidney Feest DDS,burnell88@bosco.org,5912
Jermain Murazik Sr.,cfranecki@kertzmann.com,1000
Dr. Kacey Howell DVM,uschiller@yahoo.com,1000
Orange Bradtke,nadaprice@sporer.info,2779
Markita Langosh,ismael36@mccullough.info,1880
Cristobal Weissnat,goyettegerrit@kerluke.com,1229
Dr. Olena Kunze DVM,bergnaumjustice@prosacco.net,3971
Sienna O'Keefe,jaime40@hotmail.com,4652
Antone Ebert,prohaskadevin@mraz.net,1000
Kayleigh Rice PhD,lorinwisozk@gmail.com,3112
Jethro O'Conner Sr.,micaela60@hotmail.com,5152
Gertrude McKenzie,ewell96@murphy-witting.info,2666
Sabra Nitzsche,carolann92@wolff-kuphal.com,2150
Judith Block,dachfrida@rowe.com,2702
Laraine Blick,elliotschmeler@yahoo.com,1000
Amon Botsford,vosinski@morar.com,1000
Carrie O'Connell,phoebe47@gmail.com,2890
Elam Jacobi,hilbertmoore@yahoo.com,2774
Barton Lebsack PhD,eltaschuppe@beahan.org,1000
Demetric Johnson DDS,briandamante@terry.info,1000
Hall Kreiger,boehmrennie@daniel-schultz.com,2595
Mr. Ismael Braun DVM,russelmeryl@turner.com,1638
Hasan Pagac,ornconor@kuvalis-kuhn.com,3171
Warren Berge,wuckertlamont@beatty.com,2512
Zelma Powlowski,kubadelina@moore-lockman.net,1676
Randle Williamson,dominga79@lubowitz.org,1000
Urijah Hermiston,delwin83@hotmail.com,3671
Ms. Myrna Friesen,tschmidt@yahoo.com,1991
Blair Lehner,dusty43@nicolas.com,1000
Karri Roberts,kuhnpheobe@hotmail.com,4721
Julisa Carroll,lindseywehner@yahoo.com,2723
Dori Turner,carterpaige@roob.com,1189
Giuseppe Emard,bodealyson@haley-mcglynn.com,1000
Vernie Konopelski MD,al95@nolan.info,4049
Joette Kihn,patricalegros@hotmail.com,4836
Ardath Spinka,cwisozk@leffler.net,2998
Trenton Jacobson,floy40@gmail.com,1000
Miss Marie Dare DVM,hansdubuque@hotmail.com,1000
Mrs. Elenora Lang,mindi43@pfannerstill.info,6607
Sunny Vandervort,armstronghebert@yahoo.com,1000
Marissa Lubowitz,winifredstrosin@hotmail.com,1000
Carlton Orn,wbatz@runolfsdottir-jast.com,3255
Dr. Woodrow Murray Jr.,kandace73@yahoo.com,1970
Angelica Sipes,skessler@hotmail.com,3875
Katherin Feest,marcelina73@gmail.com,1720
Dina Connelly MD,jkilback@casper.com,2756
Brittnee Miller,weissnatjohnson@yahoo.com,5483
Ms. Destini Hackett,kraigwolf@gmail.com,1943
Wesley Mayer,schmelerholli@gmail.com,2862
Eldred Quigley,tspinka@yahoo.com,1000
Mr. Markell Toy,odubuque@yahoo.com,3684
Dameon Leffler Jr.,langferd@pouros.net,1569
Chris Mosciski,kentonchristiansen@yahoo.com,1603
Dr. Latrina Bradtke,barrowstheo@fay.com,3334
Gabriella Rempel,mfarrell@stokes.biz,1072
Santiago Wisozk,ansonjohnson@yahoo.com,1101
Contina Balistreri,daishaortiz@morar-langworth.com,1000
Ellwood Rempel,tremblayephriam@yahoo.com,1000
Perley Harber,nkozey@kuhlman.com,1000
Lorie Greenfelder,hhegmann@hotmail.com,3380
Amelia Homenick,feeneymajor@haley.net,1940
Jarred Rempel,odin43@gmail.com,4127
Drury Jast,rowelaurence@hoeger.biz,4424
Ether Roob,hillsbruce@hotmail.com,1128
Nataly Koss,rikkizieme@gmail.com,2128
Jorden Pouros,reingeralfreda@hotmail.com,2183
Allen Kihn,roobmelva@yahoo.com,4076
Elam Grady,justine59@oreilly.com,2452
Amon Gutmann MD,goyettelisette@zieme.org,3245
Taft Schmitt II,tatsuo51@hotmail.com,2256
Isaiah Gislason,jaquezkshlerin@robel.info,1000
Reatha O'Connell,afritsch@grant.biz,3122
Raven Haley,dawn37@gmail.com,1000
Chadwick Schowalter,lilyanbatz@walsh.biz,3133
Larue Orn,iabshire@kassulke-kling.com,3678
Teena Harvey,robleykunde@kohler-denesik.com,1000
Ms. Zion Yost,acasper@weimann.info,1712
Asher Kihn,virgie43@renner.org,3962
Hobart Runte,teraconnelly@nolan.com,1000
Jacqueline McLaughlin,skilesarkie@gmail.com,1639
Haywood Rosenbaum,bschimmel@oreilly.biz,1000
Alline Mills,kuhlmanlexus@gmail.com,3600
Aarav Feest DVM,vernicethiel@yahoo.com,1000
Dario Torphy,nschmeler@emard.com,3217
Mandie Feil,karldooley@monahan-mosciski.com,1000
Miss Peggy Bashirian,edmond40@hotmail.com,3985
Claribel Schmidt,evitarippin@hotmail.com,3915
Dr. Niles D'Amore,hschowalter@gmail.com,5862
Miss Ivette Rosenbaum PhD,phoenix18@yahoo.com,4275
Myer Schiller,noliehegmann@feil.com,3623
Kristal Mayert PhD,walkerwaymon@orn-auer.biz,2498
Alpheus Wiza II,hurbert27@bradtke.com,1391
Sandie Fisher,ofay@rippin.com,2668
Martine Nienow PhD,nbeahan@hotmail.com,1821
Mrs. Marely Thiel MD,lalaterry@batz.com,3470
Henderson Harber,joaquinaltenwerth@mayert.com,2790
Hadley DuBuque,stella01@torp.com,1000
Zadie Luettgen,mullrich@gmail.com,1000
Zaida Hettinger MD,igislason@yahoo.com,1000
Derald Ebert,pfeffervalery@dubuque.com,2687
Schley Schowalter,reathaschroeder@rippin.biz,1000
Scarlet Greenfelder,blockricki@gmail.com,2270
Edw Grady,oconnellmilan@schaefer-hoeger.com,1276
Kieran Bosco,kilbackhollie@kunde-zulauf.com,1000
Dr. Vergil Olson PhD,greenfelderkristal@kuphal-spencer.info,3110
Bernardine Ruecker PhD,sengersheila@gmail.com,1469
Mrs. Delina Lynch PhD,lconroy@kemmer.com,1000
Mr. Harlan Kris,opollich@cartwright-welch.com,2247
Dr. Kristoffer Beer,mcorwin@yahoo.com,1566
Mr. Carter Fahey IV,karan83@gmail.com,5319
Dr. Korbin Kuhlman,tawanawilkinson@wehner.com,3757
Mr. Arlie Kuvalis II,znienow@erdman-klocko.com,3816
Mr. Jewell Cronin V,runteanders@hotmail.com,1081
Loris Hackett,loconner@yahoo.com,6180
Phylis Jones,sboehm@wyman.com,6030
Layton Ernser,fritschadams@hotmail.com,2519
Marcello Becker,jamelhettinger@yahoo.com,1000
Clyda Wintheiser,mgaylord@toy-witting.com,1471
Olivia Wolff,kentonquigley@yahoo.com,5521
Mr. Shayne Conn DVM,xanderryan@durgan-cruickshank.com,4080
Lucile Hahn,swiftjosephus@kohler.com,1174
Beulah Braun,isadoremitchell@schroeder.com,3520
Mr. Hughey Sporer I,unicolas@wintheiser-doyle.org,4471
Isamar Heller,alcidehamill@rowe-schamberger.com,1756
Ms. Natosha Eichmann,janaeyundt@hamill.com,3229
Miss Shawnda Botsford DDS,amiyah09@carroll.com,1966
Dr. Lone Kshlerin,prohaskajahir@moen.com,1000
Shawnee Ortiz,hammeskarson@lubowitz.com,1707
Jaimie Veum,gpouros@yahoo.com,5850
Leandra Green,hblock@abbott-hayes.com,1523
Vara Gottlieb,patti17@gmail.com,4749
Miss Jolie Adams,vupton@keeling-buckridge.com,3450
Wilhelmine Windler,mberge@gmail.com,1000
Dr. Shaniqua Nikolaus,glind@yahoo.com,2873
Mell Rath,corenestehr@gleichner.com,1000
Parley Feeney,bobbi30@hotmail.com,5110
Sharday Larkin,patti08@hegmann.com,6568
Shannen Schmitt,bethbuckridge@roob.com,1000
Dr. Alfonzo Lebsack II,zack88@yahoo.com,1000
Margeret Carter,shannenprohaska@sporer.biz,2890
Mr. Chase Runolfsson,hyattannemarie@ankunding.org,3051
Tristen Jaskolski,montgomery76@gmail.com,1000
Ms. Paulette Skiles,carterlonzo@bosco.net,2526
Miss Latasha D'Amore,xferry@gmail.com,2128
Dr. Shelley Abernathy DDS,umohr@hahn-gusikowski.com,1000
Cletus Bayer,oscarblanda@gmail.com,1000
Gerrit Weissnat,glynis36@dach.com,1000
Milly Boehm,tatiana04@ondricka-ziemann.com,3856
Broderick Morar,leuschkemikalah@zboncak-hirthe.com,1000
Harlie Strosin,cambria36@hotmail.com,1762
Jeremiah O'Connell,bkoelpin@rolfson-kuhic.com,6724
Berniece Muller MD,max40@gmail.com,4128
Oline Rolfson DDS,zina95@harvey.com,2548
Mrs. Kaia Huels,lebsackjimmie@hotmail.com,1937
Alexandr Botsford,vernellroberts@zboncak.com,2194
Dr. Hayes Kertzmann IV,larsonleontine@kilback.com,1135
Amalia Hammes,ihyatt@stracke.net,1990
Lott Mueller,kharvey@hotmail.com,1720
Etna Ward,dolly63@hotmail.com,3187
Gunda Hodkiewicz,livia66@spinka.com,2936
Maybell Ledner,kristynpfannerstill@hotmail.com,1000
Bambi Gottlieb,agustin33@barrows.com,1358
Roderick Goodwin III,kristopher19@hotmail.com,1000
Mr. Jovany Denesik III,vernahoeger@gmail.com,1661
Dr. Calhoun Medhurst,sawaynisreal@rutherford-fritsch.org,2314
Donato Gorczany,gbrekke@bayer.com,3038
Mrs. Ilene Reynolds,fadelkim@zulauf.net,1365
Rachel Feil,rhettinger@gmail.com,1210
Dr. Gerry Davis DVM,kschowalter@gmail.com,1283
Lonna Blanda,leopoldostroman@hotmail.com,1441
Nanna Kunze,franeckikonnor@fay.info,1000
Charleen Gottlieb,roweernest@rohan-fadel.org,2402
Cali Wuckert DVM,zboncakhartley@rutherford.com,1000
Flo McGlynn DDS,dellia44@russel.info,2187
Dr. Cathie Parisian,jenkinselmina@hotmail.com,1000
Dr. Ernesto Runte,mstoltenberg@gmail.com,1874
Cristen Barrows,vkshlerin@rath-cremin.info,2457
Ms. Manuelita Conroy,champhudson@yahoo.com,3049
Miss Cori Bogisich PhD,luceroturcotte@yahoo.com,3443
Lorayne Bins,lizziesatterfield@yahoo.com,2427
Mr. Devonte Harber,adamsburrell@bins-turner.info,1158
Lacy Okuneva II,uptonshanta@gmail.com,2242
Edyth Konopelski,revaratke@mcclure.com,5927
Kamilah Heidenreich,gmetz@romaguera.com,1000
Kenji Bergnaum,levarlittel@gmail.com,1000
Randi Boyle,williard48@conn.net,5526
Lonna Ziemann,treyundt@hickle.info,3868
Ximena Hegmann PhD,jayden06@gmail.com,4396
Cathey Kessler,wzieme@kiehn-swift.com,2943
Amber Shields,damorecarolynn@weissnat-waelchi.com,6041
Sharif Rolfson,hudsonluka@denesik.com,3886
Ayden Gorczany,pamelaoberbrunner@huel.biz,1794
Natalee Williamson,zelmalehner@graham-botsford.com,1049
Darrian Dicki,ormaschuster@corwin.biz,1163
Shane Beahan,elmyraschoen@shields.org,1000
Deandre Anderson,admiral61@osinski.com,3460
Ms. Kaye Streich DVM,dbosco@gmail.com,2871
Lizabeth Howell,bradford26@yahoo.com,2534
Miss Hazel Osinski MD,bkunde@little.info,2415
Dr. Donnell Kerluke IV,sanjuanaconsidine@yahoo.com,1000
Helga Haag DVM,fhalvorson@yahoo.com,1000
Jacob Casper,marianacorwin@macejkovic-padberg.info,2535
Daneen Romaguera,vandervortmitch@yahoo.com,2275
Ossie Walker,zboncakdewayne@schumm.com,1297
Mr. Leonardo VonRueden DDS,daughertyjosefina@welch-mccullough.com,4699
Davon Hamill,stammharvie@hotmail.com,5309
Roma Carroll,torpadell@konopelski-kemmer.com,5144
Louanna Muller,stoltenbergbrandee@hotmail.com,1106
Averie Weissnat,normanbarton@weissnat-cormier.com,1000
Mia Bauch PhD,hellerlucian@yahoo.com,1505
Lu Cormier PhD,smarvin@reinger.com,1000
Leamon Corkery,pfeeney@bernhard.net,1879
Octavie Schuppe,rosetta25@wiegand.com,3769
Leatrice Beatty,rockysatterfield@gmail.com,3239
Miss Jeanie West MD,devin10@yahoo.com,1000
King Davis,quigleyalcide@hackett-hartmann.org,1000
Jeanie Denesik MD,sfunk@metz-marks.info,1114
Ishmael Hegmann,wizaomar@adams.com,1000
Dr. Sherrie Bashirian DDS,jlangworth@yahoo.com,3202
Mr. Darron Gutkowski,jerroldoreilly@yahoo.com,1000
Ms. Rolanda Schmitt DDS,ankundingolena@hamill.com,1000
Mr. Galen Rosenbaum Jr.,kerlukemaximiliano@yahoo.com,1000
Mr. Hershel Shanahan III,helenerdman@hotmail.com,2159
Landan Littel,prattdaugherty@mitchell-paucek.com,3434
Marquise Wilderman,uhowe@hotmail.com,2206
Dedrick Leffler,cornelhoppe@parisian.biz,1000
Velda Kilback MD,ubartell@yahoo.com,6222
Lita Renner,ebuckridge@yahoo.com,1000
Liane Jacobs,davislandan@hotmail.com,1000
Charlene Purdy DVM,barrowsrenaldo@hotmail.com,1041
Mrs. Clemma Ledner,braden56@yahoo.com,1000
Monte Stehr V,harmanmertz@hotmail.com,5668
Rodrick Wisozk,gradynichol@ward.info,5442
Miss Irine Beahan,wilkinsonkurt@yahoo.com,2898
Jarrett Hauck,markel17@bogisich.org,1000
Aaliyah McClure,agatha22@gmail.com,1000
Kiarra Rice,vupton@hotmail.com,1000
Alayna Welch,norn@yahoo.com,1067
Patty Abbott,wbreitenberg@hotmail.com,3136
Dawne Corwin,zachery91@prosacco-hettinger.net,1000
Werner Cruickshank,xweimann@lehner.com,1000
Ricci Cartwright,myron67@hotmail.com,1000
Burnie Dach MD,sschaden@yahoo.com,1430
Durrell Schmeler PhD,bartellepifanio@hotmail.com,3642
Ms. Ximena Hansen,mortiz@breitenberg.com,1000
Yoshio Grimes,krystinruecker@hamill-feest.com,3263
Dr. Nathalie Bogisich,hammesariel@yahoo.com,3707
Woody Streich,dimitriwalker@hotmail.com,2699
Love Lakin,britanykovacek@gmail.com,1000
Cullen DuBuque I,angiefeest@ziemann.com,1000
Shavonne Adams,lancemarvin@yahoo.com,1227
Alwin Donnelly,kiarametz@yahoo.com,3888
Lacey Schneider,violetteflatley@gmail.com,3101
Mrs. Julia Daugherty,petrarunte@yahoo.com,1000
Presley Lakin DDS,khaley@yahoo.com,1926
Fairy Lockman,larkinmaximo@hotmail.com,3260
Jackson Bradtke,israel03@thompson.com,3427
Dr. Luverne Schmidt Sr.,hermannharmon@gmail.com,3803
Zoie Davis DDS,kasonbartoletti@bode.com,1000
Damaris Hyatt DDS,eddierice@zemlak-little.com,3868
Aden Monahan,dorris54@boehm.com,1000
Madilyn Konopelski,dashawn63@hotmail.com,4090
Dr. Joyce Stark,wreichel@bosco.info,1110
Danyel Gleichner,shyannewyman@west.com,2389
Baldwin Abshire,timmyabernathy@jones-oconner.org,1000
Ms. Billy Renner PhD,gaylordbritny@spinka.com,1000
Dr. Montrell Swaniawski DVM,rossie51@lockman-kiehn.org,1000
Gardner Streich I,devontabruen@lynch.net,3428
Florian Zemlak,shieldsmacey@murray-moen.biz,3109
Dr. Treyton Douglas,daniele06@gmail.com,3746
Lollie Runolfsdottir,johny48@yahoo.com,1221
Ms. Stephaine Romaguera DDS,aokuneva@grady-murray.com,2458
Hayley Brekke,manfordturcotte@ernser.biz,1158
Daryn Cummings Jr.,mantebo@frami.com,1000
Wood Goyette,jacobssavana@gmail.com,3072
Dr. Vernie Spinka,garoldmertz@braun-kirlin.com,1694
Edmon Bernier I,yrohan@wilkinson-batz.com,1457
Ms. Deidra Kuhic PhD,marni94@yahoo.com,3489
Mrs. Aloma Koss,hodkiewiczjermaine@gmail.com,4209
Mia Littel,wsipes@gmail.com,5188
Otis Okuneva,iluettgen@walter.com,1676
Deborah Smith,denesikchristop@gmail.com,3596
Tomasa Adams,markelrobel@hotmail.com,3630
Mr. Leonidas Walsh II,andersonremington@schmidt.net,1000
Nyla Gorczany,leannonmareli@gmail.com,1000
Lindsey Cronin,denisha17@ohara.com,1000
Hildur Lynch,adelia50@gmail.com,2698
Ayanna Goldner MD,wcole@gmail.com,2089
Thea Cummings,ymcglynn@yahoo.com,1267
Dr. Artie Nicolas I,robb88@gaylord.org,2989
Amina Toy DDS,farrelljann@romaguera.com,1000
Miracle Hills,swyman@mueller.org,1000
Lilyanna Armstrong,toydominic@koelpin.com,3289
Hoke Tillman,gradykoch@treutel.net,1220
Dr. Manley Blick I,schmittherma@hotmail.com,1183
Brigette Schuster,albertine72@hotmail.com,1000
Alto Sipes MD,lessrippin@brown.com,1286
Golda Willms,zstracke@gmail.com,1000
Mikhail Walsh,cbernier@hotmail.com,4574
Mrs. Susannah Beer,ghamill@raynor.org,5237
Dr. James Daniel I,kertzmannryan@haag.com,1000
Kelvin Roberts,marylou71@hotmail.com,3077
Miss Liliana Kling PhD,sherrilldamore@yahoo.com,1000
Ms. Jazlyn Douglas DDS,eldred16@gmail.com,1669
Dr. Estefani Nitzsche MD,walkerrosalinda@metz-cruickshank.com,3809
Mr. Fernando Wiza V,xgibson@grant-marks.com,1000
Linn Hermiston MD,pabloschultz@gmail.com,1625
Tal Okuneva,hammesevelyn@hotmail.com,1220
Mitch Moen,gustagoyette@gmail.com,2091
Dr. Jalyn Stamm PhD,gschneider@considine-oreilly.net,1000
Liberty Metz,howelljenilee@gmail.com,1000
Dr. Brian Lubowitz,turnerterance@williamson.com,1000
Dr. Jamiya Paucek,clydepowlowski@nader-gutkowski.org,1000
Dr. Galilea Wyman,tfranecki@kassulke.com,1000
Rashaan Boyle,ukoss@hamill.com,1000
Flora Kertzmann,dfritsch@stoltenberg.com,3232
Lucina Zboncak,rosenbaumnolia@zieme.com,1000
Harmony Gerlach,fvon@hotmail.com,3072
Dickie Mills,etorphy@yahoo.com,1000
Valarie Luettgen,rueckereaster@gottlieb-huels.org,1242
Graydon Gaylord V,robbin90@jaskolski-harber.com,2014
Bama Ankunding,kolekuhlman@yahoo.com,1711
Daryle Donnelly,zakarywunsch@gmail.com,1000
Elfrieda Goodwin DDS,justinwunsch@yahoo.com,1821
Torry Koelpin,lmarquardt@gmail.com,3702
Madilynn Sporer,savilla72@gmail.com,6033
Mr. Marcell Steuber,corkeryxiomara@heller-kling.info,1310
Andra Moore,ygerhold@osinski.info,1000
Dr. Renaldo Klein I,hansellynch@mertz.com,1000
Vernelle Langosh DDS,milford59@mckenzie.net,1000
Bertha Collins,zryan@trantow.net,1000
Ura Littel,ihartmann@greenholt.com,3217
Vicki Predovic,lkerluke@ferry.com,1431
Parley Kshlerin,hamilton42@yahoo.com,1000
Westin Conroy,nlemke@hotmail.com,3545
Kimber Brekke,annice77@hotmail.com,1544
Jeremey Klocko,gdaniel@yahoo.com,1000
Dr. Weaver Hahn MD,reillylucian@ryan.org,1984
Mr. Hanson Cartwright,mtoy@rohan-carter.com,3194
Antwon Pouros,braydongerlach@gmail.com,1000
Miss Coletta Roob MD,glennis66@champlin.com,2887
Syed Feeney,kschaefer@yahoo.com,1000
Minda Collier,shirliebailey@murray.org,1433
Beverly Bayer DDS,ieshia40@fisher-zieme.com,3510
Becky Grimes,christeenpadberg@gmail.com,1815
Alaina McClure,oyundt@kassulke-oreilly.com,1000
Harvey Price,eliserolfson@yahoo.com,3223
Dorothea Bernier MD,heidi13@gmail.com,1392
Tiffanie Emmerich,jbaumbach@hotmail.com,3072
Mr. Tariq Lynch,nhuel@kunde-moore.org,1000
Job Bergnaum,anneliese53@yahoo.com,2747
Waymon Schumm,alysgutmann@gmail.com,3855
Myrta Cruickshank,rwill@considine.net,2538
Arthur Windler,latosha40@gerhold.com,1415
Dr. Marrion Howe II,florine95@yahoo.com,1000
Rosena Schmidt,caspermaudie@yahoo.com,3316
Hardin Hansen,bpadberg@gmail.com,1000
Kenya Wisozk,izabellesporer@yahoo.com,1000
Miss Alcie Towne,npouros@keebler-wintheiser.org,1000
Mrs. Winter Davis MD,neola03@yahoo.com,3265
Erika Rosenbaum,ewatsica@balistreri.com,1000
Joana Swift,crissy23@yahoo.com,1477
Price Bernier,skylergerhold@littel.com,2051
Mrs. Aria Metz DDS,bartelltrue@gmail.com,2846
Houston Wisozk,gutkowskikarim@gleason.biz,3447
Delmus Olson,chrisspinka@hotmail.com,4440
Rikki Walter,stammkaitlin@gmail.com,1000
Mr. Ty Kassulke,clarabellebrown@paucek.biz,1656
Myles Zemlak,ghudson@gmail.com,6430
Shedrick Rau I,ceolaruecker@hotmail.com,1123
Kaya Rice,koreilly@shanahan-leffler.com,1637
Dwaine Runte,thielmikala@hotmail.com,2193
Berry Kuhn,jahiemsporer@lubowitz.com,1000
Chancy Kling,emmetrice@smith.com,5612
Derwin Bailey,priscillamorar@brakus-runte.com,6270
Alex Kovacek,bruenbrien@gmail.com,6654
Kenia Yost,tinyhudson@towne.com,1845
Oris Kuvalis,sauersharla@harber-runolfsson.biz,2600
Stevie Weber,tyriq17@feil.org,1000
Dana Ratke,banksschumm@yahoo.com,3136
Eldred Gerhold,oneta39@metz.com,1000
Wells Predovic,devontekunde@ernser.org,1000
Dr. Esker Armstrong,cordaroaltenwerth@hotmail.com,2694
Mr. Koda Grimes,krysta81@gmail.com,1457
Delora Lind,fronie16@yahoo.com,4749
Kassidy Olson,ewindler@yahoo.com,1445
Jaden Feil,xboehm@gmail.com,6178
Miss Sloane Schmeler PhD,dennyfritsch@gmail.com,1000
Lula Zulauf,pennibins@yahoo.com,2479
Sheyla Jakubowski,croninvanessa@gulgowski-auer.com,5828
Geneva Christiansen,mohrsigne@gmail.com,1000
Dr. Aurore Stoltenberg PhD,leschkaiya@gmail.com,2413
Mitzi D'Amore,stetsonterry@ruecker-muller.com,1146
Christeen Mills,leuschkeclaudia@schinner.org,1000
Janice Ullrich,gray54@gmail.com,3096
Antwan Wolff,denesikmakala@hotmail.com,1464
Kayli Lind,bradtkeburke@gmail.com,1637
Kyson Koepp,santos08@mcclure.com,2506
Mohammed Prohaska,uboyer@gmail.com,3697
Edd Kunze,zellabauch@gmail.com,5117
Tracy Bins,nell47@yahoo.com,1000
Jacky Farrell,felipa20@tremblay-wisozk.com,4030
Helene Ryan,beerchalmer@wiza.com,2007
Paul Pfannerstill,mitchelllakesha@yahoo.com,1000
Mordechai Ullrich,hammeshyrum@hotmail.com,1000
Aiyanna Koepp,tellarosenbaum@von.com,3414
Dr. Cordero Mills Jr.,blangosh@swaniawski.info,4680
Katelynn Block,schoenthor@gmail.com,1000
Miss Marissa Pagac,orla77@schneider.com,1395
Raymundo Frami,zandrajacobi@wisoky.com,1000
Dr. Creed Kunde,qharris@abernathy.com,3509
Gianni Maggio,arden28@rosenbaum.com,1000
Rosetta Kemmer,ezzardbraun@hessel.biz,1000
Jewell Collier,blanemosciski@yahoo.com,1000
Mrs. Kerry Tremblay DDS,okshlerin@legros.info,5316
Kanisha Abbott DVM,mullerben@yahoo.com,4645
Dr. Melbourne Lowe DVM,wpagac@jacobi.com,5150
Destinee O'Kon,jaunitaaltenwerth@gmail.com,3708
Miss Alysia Dibbert,hirthebrion@gleason-cremin.com,4123
Alysa Berge,kaleenadenesik@gmail.com,1953
Maximus Weissnat,gsmith@macejkovic.org,1000
London Stiedemann,prosaccoclotilde@stokes.net,1604
Candace Simonis,chastity41@gmail.com,1428
Dr. Dorotha Hilll,nleffler@rempel.info,1000
Koby Koch,roweephram@kub.com,7032
Ms. Malvina Quigley,dibbertberton@hotmail.com,2623
Miss Connie Funk DDS,dreichel@hotmail.com,4581
Albertina Kreiger,ekemmer@yahoo.com,1000
Nestor Grant,qkautzer@gmail.com,2093
Harriette Stanton,delisamedhurst@gmail.com,1000
Delwin Yost,eichmannkirby@gmail.com,1228
Guy Anderson II,flonniewolff@yahoo.com,1156
Carlee Rodriguez,percivalemard@gmail.com,4057
Kortney Daniel DDS,waelchikeifer@gmail.com,5601
Mr. Courtney Paucek,luettasmith@will.com,1170
Ruthie Jacobi,orelia45@marks-ullrich.info,3196
Laurel Frami,moenaraminta@hotmail.com,7035
Baker Wiegand,deward08@hotmail.com,2624
Trevin Reichel,charber@oreilly.com,1000
Aarav Cummings,kbarton@yahoo.com,6017
Minoru Schmitt,gibsonkalen@gmail.com,3307
Tobie Wunsch,alexia91@sawayn.com,3663
Dr. Hoke Schmidt II,carlie29@hotmail.com,3584
Georgeanna Schmitt,zinakulas@cormier-auer.com,1000
Messiah Kirlin,vmarvin@halvorson.com,4089
Cristy Weimann,ethelynziemann@yahoo.com,1881
Tre Feest V,nienowisidore@yahoo.com,5435
Pat Mante,yostevette@hotmail.com,3301
Elana Leannon,stiedemanntonja@yahoo.com,1429
Dr. Kyla Hudson,tyrinbalistreri@bechtelar.com,1167
Robley Jacobi Sr.,gearld05@borer.com,3787
Mr. Deacon Hermiston MD,bradtkegaylene@mertz-bashirian.info,1325
Iesha Denesik,pacochacourtney@boehm-von.net,1000
Ulises Gleason DVM,adlaiauer@oconnell.com,2982
Jerica Flatley MD,bradtkevalery@hotmail.com,2566
Leonie Waelchi,reichelgardner@gmail.com,1000
Geary Beer,eshields@ward.info,3945
Devon Rogahn DVM,hegmannwalton@hotmail.com,5530
Ms. Amira Bartell,ildabednar@kassulke-cronin.com,4262
Mr. Severo Baumbach,roy20@wiegand.org,3758
Hideo Langosh,channie73@tromp-schimmel.com,1000
Gerald Feil,rkohler@rice-hickle.com,4632
Adyson Schmeler,binsdarla@grady.com,1000
Geoff Kub,beattyrolando@yahoo.com,2383
Stone Gleichner,ocormier@hotmail.com,1628
Mr. Joshuah Blick,burleigh51@kozey.com,1842
Cris Fay,brianna88@waelchi.com,1000
Dr. Teddie Gottlieb,mayedouglas@blick.org,1000
Dr. Lester Morar,gdubuque@bins.com,2486
Lily Flatley,timmy74@gmail.com,1000
Miss Shanika O'Reilly MD,fstiedemann@yahoo.com,4545
Ms. Vergie Mohr,pandorahirthe@johns.com,5930
Lindsay Ferry,johathan54@gleason.com,3605
Makala Gusikowski,zina94@gmail.com,1559
Miss Clevie Schoen,elgie74@gmail.com,2261
Mr. Waylon Zulauf,amirahlemke@deckow.net,3500
Mr. Kyson Ullrich V,ghayes@torp.info,3871
Lugenia Mohr,turcotteastrid@hotmail.com,1000
Elgin Cruickshank DDS,maywintheiser@yahoo.com,4308
Roderic Ondricka,thowe@gmail.com,7370
Corwin Hoeger Sr.,kriscleola@gmail.com,1957
Dr. Celesta Wolff DDS,helmer51@barrows.com,1000
Dylon Hilll MD,zswaniawski@borer.org,1000
Harman Huels,wkuphal@effertz.com,1000
Miss Ethelyn Mann MD,maia09@gmail.com,5421
Dr. Wilmer Monahan Jr.,smonahan@rempel.com,1500
Ike Wilkinson,vjaskolski@gmail.com,6169
Eris Barrows,burkkuhlman@jones.com,3870
Keena Buckridge,abbottlilliana@mclaughlin-zemlak.com,2653
Verl Adams DDS,peggyparisian@hotmail.com,1000
Axel Goyette,nichelle54@yahoo.com,3617
Risa Wunsch,philip07@gutkowski-christiansen.com,2442
Dr. Jedediah Hegmann DVM,kacimarks@hotmail.com,2853
Tosha Cummerata,johnsmonica@yahoo.com,1000
Rondal Smith,vbrekke@hotmail.com,4225
Dillon Abbott,erin43@gmail.com,2437
Christian Kozey IV,marilee31@daugherty-reynolds.com,1118
Aleah Eichmann,bogisichcalhoun@braun.biz,5105
Bradley Waelchi,halvorsonoda@hotmail.com,1005
Krysta Walsh,shelliewitting@gmail.com,4213
Mr. Quint Robel,janaokon@harber.net,4247
Howard Nolan PhD,sturner@hahn.com,1000
Dr. Angelita Bechtelar,tlangworth@yahoo.com,1733
Dejah Waters,tmccullough@kub.com,1000
Eartha Metz,toshahirthe@medhurst.com,2971
Wright Reynolds,xcasper@gmail.com,2530
Dr. Craig Farrell PhD,kipp40@grimes-roberts.net,4012
Roxann Wisoky,archie46@kerluke.net,1000
Cleon Kuhn,margaretmitchell@gmail.com,1000
Edd Adams,nickolas63@hotmail.com,1000
Mrs. Joanne Keeling MD,pkuhlman@hotmail.com,2495
Derald Hyatt,jalynnstark@king.org,1788
Myron Parisian,mpurdy@yahoo.com,2942
Gussie Farrell,nschinner@yahoo.com,1631
Zela Bashirian PhD,jerdemykel@yahoo.com,6882
Orley Beatty,weberalejandra@gmail.com,3808
Shona Marvin,percivalwhite@hotmail.com,3941
Luigi Little,burrell52@hotmail.com,2767
Reinhold Schroeder,mohammad04@wolff-vonrueden.com,1883
Cruz Lehner Sr.,davisferris@morissette-turcotte.com,1000
Sie Walter DDS,ieshiaschneider@hotmail.com,1000
Kerrie Fay,lindqueen@yahoo.com,1499
Mrs. Harper Vandervort DDS,lindsey20@gmail.com,1728
Mrs. Roena Hahn,luster48@gmail.com,1000
Mrs. Lexis Heller,bjohnston@conroy.com,1000
Ole Gaylord III,roxanne63@russel-simonis.com,1065
Mr. Kenan Robel II,oberbrunnerreuben@hotmail.com,2336
Amber Cole,wpadberg@parker.info,1000
Prentiss Hodkiewicz,tkoelpin@wunsch.com,1000
Angelique Turcotte,jconroy@hackett-bode.com,2386
Alver Vandervort,ukuhn@gmail.com,1000
Miss Kimberlee Vandervort DVM,rboyle@dooley.com,3333
Trace Wilkinson DDS,tobygreen@gmail.com,2676
Ham Hammes,hermannkaylynn@hotmail.com,7537
Clemence Lemke,imeldawalter@hotmail.com,2832
Hadley Roob,whiteafton@hotmail.com,3221
Mrs. Kaylynn Lubowitz DDS,connavah@rice-kirlin.com,1000
Gerda Murazik,saulrippin@hotmail.com,2589
Mrs. Lupe Walter PhD,lebsackcathrine@gmail.com,1000
Raquan Hayes,luettgenmarguerite@jacobi.com,1000
Arley Tromp,rgrant@greenholt.com,1000
Almedia Dicki PhD,paola62@botsford-ruecker.com,3765
Dr. Gideon Howe,leschuriah@cronin.info,5614
Ian Christiansen,smithamashley@yahoo.com,1781
Dr. Windell Kohler MD,kamron10@koss-rempel.com,1578
Laci Kub,miguel57@gmail.com,3884
Norval Lang,havenmacejkovic@gmail.com,1000
Dorris Osinski MD,gleichnerlaurette@gmail.com,1751
Nathaniel D'Amore,vorn@towne.biz,4211
Beatriz VonRueden,xhilll@yahoo.com,2356
Chimere Crooks MD,conradkeebler@yahoo.com,3298
Treena Haley,qcollins@weber-kautzer.biz,3386
Dr. Latrell Lowe,diamond85@mertz-stiedemann.com,1194
Kathlene Greenholt,clariceschuster@yahoo.com,1000
Maxine Medhurst,ljacobs@gmail.com,2235
Epifanio Dietrich,bobrosenbaum@yahoo.com,1000
Magnolia DuBuque DVM,harmon73@gmail.com,4669
Jamey Klein,newt58@hotmail.com,1000
Anatole Weimann,bmorissette@bailey.com,5508
Blanca Runolfsson,shyann45@yahoo.com,4682
Martine Morar DDS,manlykuphal@yahoo.com,1000
Miss Jule Romaguera DDS,gilmer99@nikolaus-barrows.com,5660
Mr. Deryl Trantow,chiquita80@yahoo.com,6386
Miss Adalyn O'Conner,adamsodin@hotmail.com,2688
Jerilyn Bogisich,rueckermilan@hotmail.com,1000
Maggie Lindgren,leschbarnie@rau.com,2178
Joseluis Schaden,lrogahn@wehner.com,1000
Carroll Okuneva,florence81@gmail.com,2217
Jettie McKenzie,ferddeckow@yahoo.com,1000
Helyn Boyle MD,ywunsch@yahoo.com,3305
Bolden Keeling,ari90@funk.com,3856
Johnie Roob,abshireglennis@gmail.com,4791
Icy Stiedemann,mamegraham@ritchie.com,1921
Dr. Enzo Purdy,schroedercaren@schaden.com,1420
Ms. Muriel Abshire,knute80@hotmail.com,2844
Brandin Lind,bodedosia@nikolaus-beer.com,2253
Colby Schumm,ksenger@denesik.com,2937
Armand Schinner,awatsica@hotmail.com,1000
Tyrek Ryan,ferrishayes@lynch-keebler.com,2383
Layla Jaskolski,ritchieverner@yahoo.com,1000
Dangelo Leannon,orenkerluke@brakus.biz,1323
Angel Flatley,quigleyretha@bashirian.com,3330
Lloyd Boyer PhD,crooksjerimy@nikolaus-anderson.com,2889
Anatole Murphy II,darealba@hotmail.com,2792
Manning Satterfield,blufordpouros@tremblay-larson.com,1531
Kordell Fay,hoegeramara@boehm.com,1000
Dr. Elwyn Zboncak,shessel@conn-wisozk.com,1000
Ms. Kierra Luettgen MD,pfannerstillhobart@gleason-heathcote.com,1000
Gonzalo Kub,rwunsch@heaney-klein.com,1000
Domenica Quitzon,willamadams@gmail.com,1000
Janiyah Eichmann MD,staffordrodriguez@hotmail.com,1000
Cyndi Toy,bennie39@ohara-gleason.org,1000
Stevan Ernser,lucinacummerata@gmail.com,1000
Dina Pagac,benamitchell@bartoletti-bartell.com,1000
Deidre Fritsch,gibsoncharlie@hickle.biz,1000
Fay Effertz,epifanio28@gmail.com,1000
Mr. Greg Armstrong,merrill05@hoppe.net,4809
Dr. Brennen Shanahan,halvorsongannon@koelpin-mohr.biz,1000
Mr. Erle Cummings IV,reino45@conn-gutmann.org,1578
Kelsi Champlin PhD,dabbott@murphy.com,1720
Dr. Chantelle Lindgren,chauck@gmail.com,3338
Edmond Shanahan,brekkeshelbie@gmail.com,3192
Seward Roberts,oschuppe@yahoo.com,1182
Earline Frami,albionsipes@hotmail.com,1055
Alonso Grady Jr.,dossieboehm@hahn-rice.org,1636
Evette Langosh,wondricka@hotmail.com,1449
Dianna Osinski,zleannon@gmail.com,1000
Mahala Goldner,vhettinger@gerhold.com,2297
Abbott Koepp,heathcotekellan@kozey-pacocha.com,1437
Miss Shaunna Abbott MD,prosper00@yahoo.com,2697
Enoch Gorczany,nnader@bradtke.com,4021
Tobin Denesik,emorissette@schinner.biz,1000
Mr. Smith Fritsch PhD,shylatremblay@leannon-bashirian.biz,1000
Kazuko Beier,shanahanrosella@morar.info,2007
Doug Robel,erwinwiegand@blick.org,3369
Alize West,severtsawayn@yahoo.com,2364
Rueben McClure Sr.,abshirebrittani@lemke.com,3611
Nim Zemlak,beermilissa@reinger.com,1000
Arlyn Sawayn,stromanporsha@feeney.biz,1278
Isai DuBuque,margetromaguera@gmail.com,1000
Dr. Renita Welch,bobbiecarroll@goodwin-ondricka.com,1000
Monroe Wilkinson DVM,estreich@gmail.com,1000
Mr. Percival Bruen,igusikowski@ernser.com,3542
Louisa Jakubowski,jaunitarosenbaum@marvin.com,1000
Darien Muller,gibsonindia@yahoo.com,4569
Mr. Kazuo Gibson Sr.,imohr@schmeler-farrell.com,1000
Darren Daugherty,mellie82@williamson.com,1761
Dr. Blaze Runolfsdottir,wolfsumner@gmail.com,1000
Homer Russel,norahbarton@gmail.com,3855
Giana Bosco DDS,bynumgraham@batz-bogisich.com,4179
Yazmin Wilkinson,barryrath@yahoo.com,1772
Dr. Reginald Kihn,kathydeckow@yahoo.com,1000
Gaylord Schoen,alessandrobahringer@jerde.com,5639
Joelle West,lulla83@greenholt.com,3147
Ladonna Waters,hesselsally@monahan.com,2415
Press Torphy,savillajerde@treutel-boyle.com,1000
Irvine Jacobi,edselbaumbach@yahoo.com,2646
Oswald VonRueden,rosella06@rogahn-marvin.com,1000
Gustavus Stiedemann,diciepadberg@hotmail.com,2731
Eden Beahan I,burley00@hotmail.com,3422
Vergie Hermiston MD,pswift@gmail.com,1000
Reilly Dibbert,jay82@becker.info,2641
Derwin Bergnaum,zcummerata@farrell-runolfsson.com,1800
Miller Nienow,thadmcglynn@steuber.com,4669
Dennis Wilderman,bush62@yahoo.com,1000
Jorden Thompson,sauerruel@hotmail.com,1019
Kaydence Predovic,jessynicolas@kuvalis-wisozk.net,3371
Ms. Lilyan Klein,elvina91@yahoo.com,2254
Javier Hodkiewicz,gkertzmann@douglas-volkman.org,2624
Mr. Sharon Nicolas,sharenschaefer@prosacco.com,2008
Chynna Durgan,mlockman@hotmail.com,4990
Kaylynn Langworth,capitola84@gmail.com,1996
Dillion Rau,carmelabergnaum@waters.org,6060
Bettye Robel,joy93@sauer.com,2435
Mr. Vincent Mills Jr.,conroyariella@muller-mitchell.org,1809
Dr. Billie Corwin PhD,uvon@ritchie-emmerich.com,1951
Ms. Jenelle Wehner,fparker@yahoo.com,2845
Carrol Huels,wildermanlenard@collier-pollich.com,1000
Jeanine Shields,cammie93@gmail.com,2163
Mr. Truman Wisoky MD,nienowalbertha@yahoo.com,1000
Mathew Stark,willmsdanika@klein.com,1000
Miss Carolynn Feest,alfonse61@crist.biz,1714
Mr. Hilton Weimann,robtadams@hotmail.com,4120
Lee Huel,bvandervort@yahoo.com,3455
Dr. Aaden Kunze II,feestclinton@veum.net,1865
Jerrilyn Block,vkonopelski@gmail.com,5814
Coen Borer,owaters@yahoo.com,2328
Ellen Schuster,mkub@hotmail.com,1000
Dr. Cody Muller III,stammshanell@sporer-oreilly.com,4549
Syreeta Willms,burnice79@yahoo.com,2844
Ms. Frankie Medhurst,ammonharvey@yahoo.com,2077
Pearla Mertz,bernierlaverne@lehner.com,5413
Rena Reichert,deckownella@gmail.com,1000
Oddie Abshire,jschaden@botsford.com,2795
Mr. Derik Hilpert V,roseannebarrows@lynch.com,1000
Khalid Reynolds,devin48@yahoo.com,2011
Orlando Kohler,marvel71@prohaska-gerlach.com,3352
Ruben Spinka,zhauck@hotmail.com,1891
Ulises Lubowitz PhD,bayermarcelle@gmail.com,1944
Mr. Shedrick Bailey,lprice@yahoo.com,3960
Encarnacion Hegmann,tamekia65@hotmail.com,2719
Oran Jakubowski,ovidmoore@schroeder-oconner.org,3685
Manilla Johns,cristen27@buckridge.net,1000
Elsa Fisher,tbins@dubuque.org,1310
Tollie Schuster,stammmarcelle@mertz.com,1000
Acie Funk,olsondennie@vonrueden.com,3448
Jim Homenick,vcollins@yahoo.com,1000
Kayson Lesch,fhintz@yahoo.com,1000
Shemar Homenick,qlubowitz@gmail.com,1000
Domingo Nitzsche,roxanna51@kohler.com,1257
Malik Grant,ethie30@mertz-jakubowski.biz,2107
Horacio Borer,waelchinella@yahoo.com,1000
Chimere Ebert,joanierempel@gmail.com,2776
Burt Wiza,kemmermaci@jenkins.net,5332
Burleigh Lind,shirlie11@johns-mcclure.info,3823
Graciela Sporer,kuhlmanarnulfo@pacocha.com,1000
Mr. Verlyn Williamson,keenenkuhn@nitzsche.net,2720
Gabe Kessler,ibeer@hotmail.com,3293
Gennie Bradtke DVM,emely39@kozey.info,2685
Arline Schoen,ilagibson@gmail.com,3877
Arley Schmidt,elliana60@hotmail.com,1040
Wayland Bernhard,lupewelch@hotmail.com,2457
Tyree Stracke,gilbert28@yahoo.com,3326
Tanya Spencer,lubowitzmetro@yahoo.com,1304
Dimitri Gleason,kreigercarlie@hotmail.com,1427
Mr. Donell Jacobs,alla63@yahoo.com,1000
Lindbergh Stracke Jr.,angeljacobi@gmail.com,3309
Myrtice Dibbert DDS,hermannallyssa@howell-zieme.com,3734
Dena Quitzon,kesslerdanica@wiza-barton.com,1000
Lowell Lehner,lannie05@oberbrunner.com,1000
Monte Jakubowski,burnell20@weber-mayer.com,1977
Freda Mayert,oberbrunnersara@kuhic.org,1092
Jacquez Huels,virgia54@gmail.com,2631
Maynard Abshire Jr.,ardyceryan@gmail.com,2680
Bebe Abbott,mahalia13@oconner-lynch.com,1749
Worley Weber,dorothydietrich@yahoo.com,1000
Dona Klocko DVM,ziemannzollie@hotmail.com,3098
Miss Elda Klein DDS,alphonsine83@heathcote.com,1000
Johnson Schultz MD,alverda63@hotmail.com,3972
Miss Neva Bruen DDS,funklizabeth@hotmail.com,2742
Nils Weber,matwelch@hotmail.com,1000
